--initial Data setup. Not necessary but will help to test the get available seats

INSERT into AUDITORIUM_METADATA (level_id ,level_name ,price , total_rows , SEATS_IN_ROW ) VALUES(1, 'Orchestra',100.00,2,5)
INSERT into AUDITORIUM_METADATA (level_id ,level_name ,price , total_rows , SEATS_IN_ROW ) VALUES(2, 'Main',75.00,2,5)
INSERT into AUDITORIUM_METADATA (level_id ,level_name ,price , total_rows , SEATS_IN_ROW ) VALUES(3, 'Balcony 1',50.00,2,5)
INSERT into AUDITORIUM_METADATA (level_id ,level_name ,price , total_rows , SEATS_IN_ROW ) VALUES(4, 'Balcony 2',40.00,2,5)

INSERT INTO PROPERTIES (KEY_NAME,VALUE) VALUES('wait_time','300')


INSERT into seats (seat_id ,level_id ,row_id ,seat_num ) VALUES(1,1,1,1)
INSERT into seats (seat_id ,level_id ,row_id ,seat_num ) VALUES(2,1,1,2)
INSERT into seats (seat_id ,level_id ,row_id ,seat_num ) VALUES(3,1,1,3)
INSERT into seats (seat_id ,level_id ,row_id ,seat_num ) VALUES(4,1,1,4)
INSERT into seats (seat_id ,level_id ,row_id ,seat_num ) VALUES(5,1,1,5)
INSERT into seats (seat_id ,level_id ,row_id ,seat_num ) VALUES(6,1,2,6)
INSERT into seats (seat_id ,level_id ,row_id ,seat_num ) VALUES(7,1,2,7)
INSERT into seats (seat_id ,level_id ,row_id ,seat_num ) VALUES(8,1,2,8)
INSERT into seats (seat_id ,level_id ,row_id ,seat_num ) VALUES(9,1,2,9)
INSERT into seats (seat_id ,level_id ,row_id ,seat_num ) VALUES(10,1,2,10)
INSERT into seats (seat_id ,level_id ,row_id ,seat_num ) VALUES(11,2,1,1)
INSERT into seats (seat_id ,level_id ,row_id ,seat_num ) VALUES(12,2,1,2)
INSERT into seats (seat_id ,level_id ,row_id ,seat_num ) VALUES(13,2,1,3)
INSERT into seats (seat_id ,level_id ,row_id ,seat_num ) VALUES(14,2,1,4)
INSERT into seats (seat_id ,level_id ,row_id ,seat_num ) VALUES(15,2,1,5)
INSERT into seats (seat_id ,level_id ,row_id ,seat_num ) VALUES(16,2,2,6)
INSERT into seats (seat_id ,level_id ,row_id ,seat_num ) VALUES(17,2,2,7)
INSERT into seats (seat_id ,level_id ,row_id ,seat_num ) VALUES(18,2,2,8)
INSERT into seats (seat_id ,level_id ,row_id ,seat_num ) VALUES(19,2,2,9)
INSERT into seats (seat_id ,level_id ,row_id ,seat_num ) VALUES(20,2,2,10)
INSERT into seats (seat_id ,level_id ,row_id ,seat_num ) VALUES(21,3,1,1)
INSERT into seats (seat_id ,level_id ,row_id ,seat_num ) VALUES(22,3,1,2)
INSERT into seats (seat_id ,level_id ,row_id ,seat_num ) VALUES(23,3,1,3)
INSERT into seats (seat_id ,level_id ,row_id ,seat_num ) VALUES(24,3,1,4)
INSERT into seats (seat_id ,level_id ,row_id ,seat_num ) VALUES(25,3,1,5)
INSERT into seats (seat_id ,level_id ,row_id ,seat_num ) VALUES(26,3,2,6)
INSERT into seats (seat_id ,level_id ,row_id ,seat_num ) VALUES(27,3,2,7)
INSERT into seats (seat_id ,level_id ,row_id ,seat_num ) VALUES(28,3,2,8)
INSERT into seats (seat_id ,level_id ,row_id ,seat_num ) VALUES(29,3,2,9)
INSERT into seats (seat_id ,level_id ,row_id ,seat_num ) VALUES(30,3,2,10)
INSERT into seats (seat_id ,level_id ,row_id ,seat_num ) VALUES(31,4,1,1)
INSERT into seats (seat_id ,level_id ,row_id ,seat_num ) VALUES(32,4,1,2)
INSERT into seats (seat_id ,level_id ,row_id ,seat_num ) VALUES(33,4,1,3)
INSERT into seats (seat_id ,level_id ,row_id ,seat_num ) VALUES(34,4,1,4)
INSERT into seats (seat_id ,level_id ,row_id ,seat_num ) VALUES(35,4,1,5)
INSERT into seats (seat_id ,level_id ,row_id ,seat_num ) VALUES(36,4,2,6)
INSERT into seats (seat_id ,level_id ,row_id ,seat_num ) VALUES(37,4,2,7)
INSERT into seats (seat_id ,level_id ,row_id ,seat_num ) VALUES(38,4,2,8)
INSERT into seats (seat_id ,level_id ,row_id ,seat_num ) VALUES(39,4,2,9)
INSERT into seats (seat_id ,level_id ,row_id ,seat_num ) VALUES(40,4,2,10)


insert into seat_hold(hold_id,email,hold_date) values(1,'rohit.vardarajan@gmail.com',CURRENT_TIMESTAMP())
insert into seat_hold(hold_id,email,hold_date) values(2,'rohit_vs@yahoo.com',CURRENT_TIMESTAMP())
insert into seat_hold(hold_id,email,hold_date) values(3,'test@test.com',CURRENT_TIMESTAMP())
insert into seat_hold(hold_id,email,hold_date) values(4,'test@test.com','1902-01-01')


insert into holding_seat_map(hold_seat_map_id,hold_id,seat_id) values (1,1,1)
insert into holding_seat_map(hold_seat_map_id,hold_id,seat_id) values (2,1,2)
insert into holding_seat_map(hold_seat_map_id,hold_id,seat_id) values (3,1,3)
insert into holding_seat_map(hold_seat_map_id,hold_id,seat_id) values (4,2,5)
insert into holding_seat_map(hold_seat_map_id,hold_id,seat_id) values (5,2,6)
insert into holding_seat_map(hold_seat_map_id,hold_id,seat_id) values (6,3,9)
insert into holding_seat_map(hold_seat_map_id,hold_id,seat_id) values (7,3,10)
insert into holding_seat_map(hold_seat_map_id,hold_id,seat_id) values (8,3,11)
insert into holding_seat_map(hold_seat_map_id,hold_id,seat_id) values (9,4,11)



insert into booking(booking_id,email,booking_date) values(1,'rohit.vardarajan@gmail.com',CURRENT_TIMESTAMP())
insert into booking(booking_id,email,booking_date) values(2,'rohit.vardarajan@gmail.com',CURRENT_TIMESTAMP())
insert into booking(booking_id,email,booking_date) values(3,'rohit.vardarajan@gmail.com',CURRENT_TIMESTAMP())


insert into booking_seat_map(booking_seat_map_id,booking_id,seat_id) values (1,1,15)
insert into booking_seat_map(booking_seat_map_id,booking_id,seat_id) values (2,1,16)
insert into booking_seat_map(booking_seat_map_id,booking_id,seat_id) values (3,1,17)
insert into booking_seat_map(booking_seat_map_id,booking_id,seat_id) values (4,2,19)
insert into booking_seat_map(booking_seat_map_id,booking_id,seat_id) values (5,2,20)
insert into booking_seat_map(booking_seat_map_id,booking_id,seat_id) values (6,2,25)
insert into booking_seat_map(booking_seat_map_id,booking_id,seat_id) values (7,3,26)
insert into booking_seat_map(booking_seat_map_id,booking_id,seat_id) values (8,3,27)

